id,cve,asset,zone,product,version,cvss_version,cvss_vector,cvss,damage,exploitability,reproducibility,affected_users,discoverability,justification
DEMO-01,CVE-2017-0144,ACTIVO-SIM-01,Legacy,Producto simulado,Escenario de prueba,4.0,CVSS:4.0/AV:N/AC:L/AT:N/PR:N/UI:N/VC:H/VI:H/VA:H/SC:N/SI:N/SA:N,9.3,3,3,2,1,3,DATO SINTÉTICO para explorar el prototipo. CVSS declarado de ejemplo; producto y aplicabilidad CVE requieren validación. Caso 1; no es un hallazgo obtenido por pentesting.
DEMO-02,CVE-2019-0708,ACTIVO-SIM-02,Core,Producto simulado,Escenario de prueba,4.0,CVSS:4.0/AV:N/AC:L/AT:N/PR:N/UI:N/VC:H/VI:H/VA:H/SC:N/SI:N/SA:N,9.3,4,4,3,2,4,DATO SINTÉTICO para explorar el prototipo. CVSS declarado de ejemplo; producto y aplicabilidad CVE requieren validación. Caso 2; no es un hallazgo obtenido por pentesting.
DEMO-03,CVE-2020-1472,ACTIVO-SIM-03,DMZ,Producto simulado,Escenario de prueba,4.0,CVSS:4.0/AV:N/AC:L/AT:N/PR:N/UI:N/VC:H/VI:H/VA:H/SC:N/SI:N/SA:N,9.3,5,5,4,3,5,DATO SINTÉTICO para explorar el prototipo. CVSS declarado de ejemplo; producto y aplicabilidad CVE requieren validación. Caso 3; no es un hallazgo obtenido por pentesting.
DEMO-04,CVE-2021-34527,ACTIVO-SIM-04,Endpoints,Producto simulado,Escenario de prueba,4.0,CVSS:4.0/AV:N/AC:L/AT:N/PR:N/UI:N/VC:H/VI:H/VA:H/SC:N/SI:N/SA:N,9.3,6,6,5,4,6,DATO SINTÉTICO para explorar el prototipo. CVSS declarado de ejemplo; producto y aplicabilidad CVE requieren validación. Caso 4; no es un hallazgo obtenido por pentesting.
DEMO-05,CVE-2023-36884,ACTIVO-SIM-05,Desarrollo,Producto simulado,Escenario de prueba,4.0,CVSS:4.0/AV:N/AC:L/AT:N/PR:N/UI:N/VC:H/VI:H/VA:H/SC:N/SI:N/SA:N,9.3,7,7,6,5,7,DATO SINTÉTICO para explorar el prototipo. CVSS declarado de ejemplo; producto y aplicabilidad CVE requieren validación. Caso 5; no es un hallazgo obtenido por pentesting.
DEMO-06,CVE-2023-46805,ACTIVO-SIM-06,Legacy,Producto simulado,Escenario de prueba,4.0,CVSS:4.0/AV:N/AC:L/AT:N/PR:N/UI:N/VC:H/VI:H/VA:H/SC:N/SI:N/SA:N,9.3,8,8,7,6,8,DATO SINTÉTICO para explorar el prototipo. CVSS declarado de ejemplo; producto y aplicabilidad CVE requieren validación. Caso 6; no es un hallazgo obtenido por pentesting.
DEMO-07,CVE-2023-22515,ACTIVO-SIM-07,Core,Producto simulado,Escenario de prueba,4.0,CVSS:4.0/AV:N/AC:L/AT:N/PR:N/UI:N/VC:H/VI:H/VA:H/SC:N/SI:N/SA:N,9.3,9,9,8,7,9,DATO SINTÉTICO para explorar el prototipo. CVSS declarado de ejemplo; producto y aplicabilidad CVE requieren validación. Caso 7; no es un hallazgo obtenido por pentesting.
DEMO-08,CVE-2022-22965,ACTIVO-SIM-08,DMZ,Producto simulado,Escenario de prueba,4.0,CVSS:4.0/AV:N/AC:L/AT:N/PR:N/UI:N/VC:H/VI:H/VA:H/SC:N/SI:N/SA:N,9.3,2,2,1,1,2,DATO SINTÉTICO para explorar el prototipo. CVSS declarado de ejemplo; producto y aplicabilidad CVE requieren validación. Caso 8; no es un hallazgo obtenido por pentesting.
DEMO-09,CVE-2021-44228,ACTIVO-SIM-09,Endpoints,Producto simulado,Escenario de prueba,4.0,CVSS:4.0/AV:N/AC:L/AT:N/PR:N/UI:N/VC:H/VI:H/VA:H/SC:N/SI:N/SA:N,9.3,3,3,2,1,3,DATO SINTÉTICO para explorar el prototipo. CVSS declarado de ejemplo; producto y aplicabilidad CVE requieren validación. Caso 9; no es un hallazgo obtenido por pentesting.
DEMO-10,CVE-2020-0796,ACTIVO-SIM-10,Desarrollo,Producto simulado,Escenario de prueba,4.0,CVSS:4.0/AV:N/AC:L/AT:N/PR:N/UI:N/VC:H/VI:H/VA:H/SC:N/SI:N/SA:N,9.3,4,4,3,2,4,DATO SINTÉTICO para explorar el prototipo. CVSS declarado de ejemplo; producto y aplicabilidad CVE requieren validación. Caso 10; no es un hallazgo obtenido por pentesting.
DEMO-11,CVE-2022-30190,ACTIVO-SIM-11,Legacy,Producto simulado,Escenario de prueba,4.0,CVSS:4.0/AV:N/AC:L/AT:N/PR:N/UI:N/VC:H/VI:H/VA:H/SC:N/SI:N/SA:N,9.3,5,5,4,3,5,DATO SINTÉTICO para explorar el prototipo. CVSS declarado de ejemplo; producto y aplicabilidad CVE requieren validación. Caso 11; no es un hallazgo obtenido por pentesting.
DEMO-12,CVE-2024-21413,ACTIVO-SIM-12,Core,Producto simulado,Escenario de prueba,4.0,CVSS:4.0/AV:N/AC:L/AT:N/PR:N/UI:N/VC:H/VI:H/VA:H/SC:N/SI:N/SA:N,9.3,6,6,5,4,6,DATO SINTÉTICO para explorar el prototipo. CVSS declarado de ejemplo; producto y aplicabilidad CVE requieren validación. Caso 12; no es un hallazgo obtenido por pentesting.
DEMO-13,,ACTIVO-SIM-13,DMZ,Producto simulado,Escenario de prueba,4.0,CVSS:4.0/AV:N/AC:L/AT:N/PR:N/UI:N/VC:H/VI:H/VA:H/SC:N/SI:N/SA:N,9.3,7,7,6,5,7,DATO SINTÉTICO para explorar el prototipo. CVSS declarado de ejemplo; producto y aplicabilidad CVE requieren validación. Caso 13; no es un hallazgo obtenido por pentesting.
DEMO-14,,ACTIVO-SIM-14,Endpoints,Producto simulado,Escenario de prueba,4.0,CVSS:4.0/AV:N/AC:L/AT:N/PR:N/UI:N/VC:H/VI:H/VA:H/SC:N/SI:N/SA:N,9.3,8,8,7,6,8,DATO SINTÉTICO para explorar el prototipo. CVSS declarado de ejemplo; producto y aplicabilidad CVE requieren validación. Caso 14; no es un hallazgo obtenido por pentesting.
DEMO-15,CVE-2023-38831,ACTIVO-SIM-15,Desarrollo,Producto simulado,Escenario de prueba,4.0,CVSS:4.0/AV:N/AC:L/AT:N/PR:N/UI:N/VC:H/VI:H/VA:H/SC:N/SI:N/SA:N,9.3,9,9,8,7,9,DATO SINTÉTICO para explorar el prototipo. CVSS declarado de ejemplo; producto y aplicabilidad CVE requieren validación. Caso 15; no es un hallazgo obtenido por pentesting.
DEMO-16,CVE-2023-3519,ACTIVO-SIM-16,Legacy,Producto simulado,Escenario de prueba,4.0,CVSS:4.0/AV:N/AC:L/AT:N/PR:N/UI:N/VC:H/VI:H/VA:H/SC:N/SI:N/SA:N,9.3,2,2,1,1,2,DATO SINTÉTICO para explorar el prototipo. CVSS declarado de ejemplo; producto y aplicabilidad CVE requieren validación. Caso 16; no es un hallazgo obtenido por pentesting.
DEMO-17,,ACTIVO-SIM-17,Core,Producto simulado,Escenario de prueba,4.0,CVSS:4.0/AV:N/AC:L/AT:N/PR:N/UI:N/VC:H/VI:H/VA:H/SC:N/SI:N/SA:N,9.3,3,3,2,1,3,DATO SINTÉTICO para explorar el prototipo. CVSS declarado de ejemplo; producto y aplicabilidad CVE requieren validación. Caso 17; no es un hallazgo obtenido por pentesting.
DEMO-18,CVE-2023-21716,ACTIVO-SIM-18,DMZ,Producto simulado,Escenario de prueba,4.0,CVSS:4.0/AV:N/AC:L/AT:N/PR:N/UI:N/VC:H/VI:H/VA:H/SC:N/SI:N/SA:N,9.3,4,4,3,2,4,DATO SINTÉTICO para explorar el prototipo. CVSS declarado de ejemplo; producto y aplicabilidad CVE requieren validación. Caso 18; no es un hallazgo obtenido por pentesting.
DEMO-19,CVE-2021-26855,ACTIVO-SIM-19,Endpoints,Producto simulado,Escenario de prueba,4.0,CVSS:4.0/AV:N/AC:L/AT:N/PR:N/UI:N/VC:H/VI:H/VA:H/SC:N/SI:N/SA:N,9.3,5,5,4,3,5,DATO SINTÉTICO para explorar el prototipo. CVSS declarado de ejemplo; producto y aplicabilidad CVE requieren validación. Caso 19; no es un hallazgo obtenido por pentesting.
DEMO-20,CVE-2022-41040,ACTIVO-SIM-20,Desarrollo,Producto simulado,Escenario de prueba,4.0,CVSS:4.0/AV:N/AC:L/AT:N/PR:N/UI:N/VC:H/VI:H/VA:H/SC:N/SI:N/SA:N,9.3,6,6,5,4,6,DATO SINTÉTICO para explorar el prototipo. CVSS declarado de ejemplo; producto y aplicabilidad CVE requieren validación. Caso 20; no es un hallazgo obtenido por pentesting.
DEMO-21,,ACTIVO-SIM-21,Legacy,Producto simulado,Escenario de prueba,4.0,CVSS:4.0/AV:N/AC:L/AT:N/PR:N/UI:N/VC:H/VI:H/VA:H/SC:N/SI:N/SA:N,9.3,7,7,6,5,7,DATO SINTÉTICO para explorar el prototipo. CVSS declarado de ejemplo; producto y aplicabilidad CVE requieren validación. Caso 21; no es un hallazgo obtenido por pentesting.
DEMO-22,,ACTIVO-SIM-22,Core,Producto simulado,Escenario de prueba,4.0,CVSS:4.0/AV:N/AC:L/AT:N/PR:N/UI:N/VC:H/VI:H/VA:H/SC:N/SI:N/SA:N,9.3,8,8,7,6,8,DATO SINTÉTICO para explorar el prototipo. CVSS declarado de ejemplo; producto y aplicabilidad CVE requieren validación. Caso 22; no es un hallazgo obtenido por pentesting.
DEMO-23,,ACTIVO-SIM-23,DMZ,Producto simulado,Escenario de prueba,4.0,CVSS:4.0/AV:N/AC:L/AT:N/PR:N/UI:N/VC:H/VI:H/VA:H/SC:N/SI:N/SA:N,9.3,9,9,8,7,9,DATO SINTÉTICO para explorar el prototipo. CVSS declarado de ejemplo; producto y aplicabilidad CVE requieren validación. Caso 23; no es un hallazgo obtenido por pentesting.
DEMO-24,,ACTIVO-SIM-24,Endpoints,Producto simulado,Escenario de prueba,4.0,CVSS:4.0/AV:N/AC:L/AT:N/PR:N/UI:N/VC:H/VI:H/VA:H/SC:N/SI:N/SA:N,9.3,2,2,1,1,2,DATO SINTÉTICO para explorar el prototipo. CVSS declarado de ejemplo; producto y aplicabilidad CVE requieren validación. Caso 24; no es un hallazgo obtenido por pentesting.
DEMO-25,,ACTIVO-SIM-25,Desarrollo,Producto simulado,Escenario de prueba,4.0,CVSS:4.0/AV:N/AC:L/AT:N/PR:N/UI:N/VC:H/VI:H/VA:H/SC:N/SI:N/SA:N,9.3,3,3,2,1,3,DATO SINTÉTICO para explorar el prototipo. CVSS declarado de ejemplo; producto y aplicabilidad CVE requieren validación. Caso 25; no es un hallazgo obtenido por pentesting.
